"rgn_id","species","sust_coeff"
1,"Abalones nei",0.547777777777778
1,"Akiami paste shrimp",0.366666667
1,"Amberjacks nei",0.444010417
1,"American cupped oyster",0.887878788
1,"Anadara clams nei",0.811764706
1,"Aquatic invertebrates nei",0.542156863
1,"Arctic char",0.5316666665
1,"Areolate grouper",0.444010417
1,"Atlantic bluefin tuna",0.3250000003
1,"Atlantic cod",0.303333333166667
1,"Atlantic ditch shrimp",0.366666667
1,"Atlantic halibut",0.532222222
1,"Atlantic salmon",0.3893092105
1,"Atlantic salmon (Atl)",0.17
1,"Atlantic salmon (br)",0.6
1,"Atlantic salmon (Pac)",0.27
1,"Atlantic wolffish",0.53
1,"Australian mussel",0.811764706
1,"Ballan wrasse",0.444010417
1,"Baltic prawn",0.47
1,"Banana prawn",0.264285714285714
1,"Banana prawn (br)",0.27
1,"Banded carpet shell",0.811764706
1,"Barramundi",0.1973863636875
1,"Bastard halibut",0.444010417
1,"Bastard halibuts nei",0.444010417
1,"Bear paw clam",0.811764706
1,"Blackhead seabream",0.444010417
1,"Blacklip abalone",0.811764706
1,"Blacklip pearl oyster",0.811764706
1,"Black seabass",0.444010417
1,"Blackspot(=red) seabream",0.444010417
1,"blood cockle",0.811764706
1,"Blood cockle",0.668888889
1,"Blood cockle (Ind)",0.67
1,"Blood cockle (India)",0.67
1,"Blue crab",0.416666667
1,"Bluefish",0.444010417
1,"Blue mussel",0.8964761904
1,"Blue shrimp",0.372222222
1,"Bluespot mullet",0.444010417
1,"Blue swimming crab",0.416666667
1,"Brill",0.57
1,"Brine shrimp",0.366666667
1,"Brown-marbled grouper",0.333333333
1,"Brown meagre",0.444010417
1,"Brown tiger prawn",0.366666667
1,"Butter clam",0.811764706
1,"Callinectes swimcrabs nei",0.416666667
1,"Caramote prawn",0.366666667
1,"Carpet shells nei",0.8
1,"Chars nei",0.444010417
1,"Chilean flat oyster",0.811764706
1,"Chilean mussel",0.811764706
1,"Chinook(=Spring=King)salmon",0.370833333
1,"Cholga mussel",0.811764706
1,"Choro mussel",0.811764706
1,"Clams, etc. nei",0.811764706
1,"Cobia",0.444010417
1,"Cockles nei",0.811764706
1,"Coho(=Silver)salmon",0.342
1,"Common cuttlefish",0.6
1,"Common dentex",0.444010417
1,"Common edible cockle",0.7326666664
1,"Common pandora",0.444010417
1,"Common prawn",0.366666667
1,"Common snook",0.444010417
1,"Common sole",0.5327777775
1,"Common two-banded seabream",0.444010417
1,"Cortez oyster",0.811764706
1,"Crevalle jack",0.444010417
1,"Crimson seabream",0.444010417
1,"Croakers, drums nei",0.444010417
1,"Crocus giant clam",0.811764706
1,"Cupped oysters nei",0.888698412666667
1,"Cupped oysters nei (br)",1
1,"Cupped oysters nei (Ind)",0.83
1,"Cupped oysters nei (India)",0.83
1,"Daggertooth pike conger",0.444010417
1,"Donax clams",0.811764706
1,"Dotted gizzard shad",0.444010417
1,"Drums nei",0.444010417
1,"Eastern king prawn",0.366666667
1,"Eastern school shrimp",0.366666667
1,"Elongate giant clam",0.811764706
1,"European eel",0.444343434181818
1,"European eel (br)",0.43
1,"European flat oyster",0.820904977352941
1,"European flounder",0.444010417
1,"European seabass",0.45711111096
1,"European seabass (br)",0.418
1,"European whitefish",0.444010417
1,"False abalone",0.73
1,"Filefishes, leatherjackets nei",0.444010417
1,"Filefishes nei",0.444010417
1,"Finfishes nei",0.444010417
1,"Flat and cupped oysters nei",0.8316666665
1,"Flatfishes nei",0.465555555666667
1,"Flathead grey mullet",0.414161735769231
1,"Flathead grey mullet (br)",0.4
1,"Flathead lobster",0.416666667
1,"Flat oysters nei",0.87
1,"Fleshy prawn",0.366666667
1,"Florida pompano",0.444010417
1,"Fluted giant clam",0.811764706
1,"Fourfinger threadfin",0.444010417
1,"Gasar cupped oyster",0.7316666665
1,"Gazami crab",0.416666667
1,"Giant clam",0.811764706
1,"Giant tiger prawn",0.269615384769231
1,"Giant tiger prawn (br)",0.165
1,"Gilthead seabream",0.292662036958333
1,"Gilthead seabream (br)",0.2575
1,"Globose clam",0.811764706
1,"Gobies nei",0.5316666665
1,"Golden carpet shell",0.811764706
1,"Golden trevally",0.444010417
1,"Goldlined seabream",0.444010417
1,"Goldsilk seabream",0.444010417
1,"Greasyback shrimp",0.372222222
1,"Greasy grouper",0.444010417
1,"Great Atlantic scallop",0.811764706
1,"Greater amberjack",0.444010417
1,"Green mussel",0.8
1,"Green tiger prawn",0.366666667
1,"Grooved carpet shell",0.8672222225
1,"Groundfishes nei",0.444010417
1,"Groupers nei",0.331515151363636
1,"Groupers nei (Ind)",0.33
1,"Groupers, seabasses nei",0.33
1,"Groupers, seabasses nei (br)",0.33
1,"Gudgeons, sleepers nei",0.444010417
1,"Haddock",0.5316666665
1,"Hong Kong grouper",0.444010417
1,"Hooded oyster",0.811764706
1,"Horned turban",0.811764706
1,"Horse mussels nei",0.811764706
1,"Humpback grouper",0.444010417
1,"Indian backwater oyster",0.811764706
1,"Indian white prawn",0.41
1,"Indonesian snakehead",0.444010417
1,"Indo-Pacific swamp crab",0.416666667
1,"Inflated ark",0.811764706
1,"Jacks, crevalles nei",0.444010417
1,"Japanese abalone",0.811764706
1,"Japanese amberjack",0.444010417
1,"Japanese carpet shell",0.841666667
1,"Japanese eel",0.444010417
1,"Japanese hard clam",0.811764706
1,"Japanese jack mackerel",0.444010417
1,"Japanese meagre",0.444010417
1,"Japanese seabass",0.444010417
1,"Japanese sea cucumber",0.571405229
1,"Japanese spiny lobster",0.416666667
1,"Jellyfishes nei",0.571405229
1,"John's snapper",0.433333333
1,"Korean mussel",0.8
1,"Korean rockfish",0.444010417
1,"Kuruma prawn",0.441367521230769
1,"Kuruma prawn (br)",0.5
1,"Largemouth black bass",0.444010417
1,"Large yellow croaker",0.444010417
1,"Lebranche mullet",0.444010417
1,"Lefteye flounders nei",0.444010417
1,"Mackerels nei",0.444010417
1,"Malabar grouper",0.444010417
1,"Mangrove cupped oyster",0.811764706
1,"Mangrove red snapper",0.433333333
1,"Marbled spinefoot",0.444010417
1,"Marble goby",0.444010417
1,"Marine crabs nei",0.416666667
1,"Marine crustaceans nei",0.3
1,"Marine fishes nei",0.477700258604651
1,"Marine molluscs nei",0.5331249996875
1,"Masu(=Cherry) salmon",0.444010417
1,"Meagre",0.444010417
1,"Mediterranean mussel",0.82
1,"Metapenaeus shrimps nei",0.372222222
1,"Milkfish",0.412190476
1,"Milkfish (br)",0.37
1,"Mojarras(=Silver-biddies) nei",0.444010417
1,"Mud spiny lobster",0.416666667
1,"Mullets nei",0.5535714285
1,"Mullets nei (br)",0.67
1,"Natantian decapods nei",0.532222222
1,"New Zealand mussel",0.8
1,"Northern quahog(=Hard clam)",0.811764706
1,"Northern white shrimp",0.366666667
1,"Octopuses, etc. nei",0.566666667
1,"Octopuses nei",0.532222222
1,"Okhotsk atka mackerel",0.444010417
1,"Olympia oyster",0.811764706
1,"Orange mud crab",0.416666667
1,"Orange-spotted grouper",0.333333333
1,"Pacific bluefin tuna",0.444010417
1,"Pacific calico scallop",0.811764706
1,"Pacific cupped oyster",0.770285714233333
1,"Pacific cupped oyster (Atl)",0.77
1,"Pacific cupped oyster (br)",1
1,"Pacific cupped oyster (Med)",0.53
1,"Pacific geoduck",0.811764706
1,"Pacific horse clam",0.811764706
1,"Pacific lion's paw",0.811764706
1,"Pacific littleneck clam",0.811764706
1,"Palaemonid shrimps nei",0.366666667
1,"Palinurid spiny lobsters nei",0.416666667
1,"Papuan black snapper",0.444010417
1,"Pargo breams nei",0.444010417
1,"Pearl oyster shells nei",0.811764706
1,"Penaeus shrimps nei",0.266507936714286
1,"Penguin wing oyster",0.811764706
1,"Pen shells nei",0.811764706
1,"Peppery furrow",0.811764706
1,"Percoids nei",0.444010417
1,"Periwinkles nei",0.811764706
1,"Perlemoen abalone",0.6316666665
1,"Peruvian calico scallop",0.833333333
1,"Pollack",0.444010417
1,"Porgies, seabreams nei",0.444010417
1,"Portunus swimcrabs nei",0.416666667
1,"Puffers nei",0.444010417
1,"Pullet carpet shell",0.8316666665
1,"Queen scallop",0.811764706
1,"Rainbow trout",0.566481481777778
1,"Red abalone",0.811764706
1,"Red bait",0.6
1,"Red drum",0.3673333336
1,"Red porgy",0.444010417
1,"Redtail prawn",0.366666667
1,"Righteye flounders nei",0.444010417
1,"Rooster venus",0.811764706
1,"Russell's snapper",0.444010417
1,"Salmonids nei",0.444010417
1,"Sand gaper",0.811764706
1,"Sargo breams nei",0.4
1,"Scallops nei",0.833333333
1,"Scats",0.444010417
1,"Scorpionfishes nei",0.444010417
1,"Seabasses nei",0.5
1,"Sea cucumbers nei",0.571405229
1,"Sea mussels nei",0.794791666875
1,"Sea snails",0.811764706
1,"Sea squirts nei",0.6
1,"Sea trout",0.4673333336
1,"Sea urchins nei",0.5
1,"Senegalese sole",0.444010417
1,"Sharpsnout seabream",0.444010417
1,"Shi drum",0.444010417
1,"Silversides(=Sand smelts) nei",0.444010417
1,"Slipper cupped oyster",0.811764706
1,"Smooth giant clam",0.811764706
1,"Smooth mactra",0.77
1,"Snappers, jobfishes nei",0.444010417
1,"Snappers nei",0.432857142571429
1,"Snooks(=Robalos) nei",0.444010417
1,"Snubnose pompano",0.444010417
1,"Sobaity seabream",0.444010417
1,"So-iuy mullet",0.63
1,"Solen razor clams nei",0.811764706
1,"Soles nei",0.444010417
1,"South American rock mussel",0.811764706
1,"Southern Australia scallop",0.811764706
1,"Southern bluefin tuna",0.1
1,"Southern white shrimp",0.366666667
1,"Spinefeet(=Rabbitfishes) nei",0.444010417
1,"Spinous spider crab",0.416666667
1,"Spiny lobsters nei",0.416666667
1,"Spotted coralgrouper",0.333333333
1,"Spotted rose snapper",0.444010417
1,"Spotted wolffish",0.53
1,"Squaretail mullet",0.444010417
1,"Stony sea urchin",0.5
1,"Streaked spinefoot",0.444010417
1,"Striped bass, hybrid",0.444010417
1,"Striped venus",0.811764706
1,"Stromboid conchs nei",0.811764706
1,"Sturgeons nei",0.565
1,"Swimming crabs, etc. nei",0.416666667
1,"Sydney cupped oyster",0.811764706
1,"Tarpon",0.444010417
1,"Thinlip grey mullet",0.444010417
1,"Tropical spiny lobsters nei",0.416666667
1,"Trumpet emperor",0.444010417
1,"Tuberculate abalone",0.811764706
1,"Turbot",0.5
1,"Two-spot red snapper",0.444010417
1,"Venus clams nei",0.811764706
1,"Warty venus",0.811764706
1,"Whiteleg shrimp",0.373241061176471
1,"Whiteleg shrimp (Atl)",0.37
1,"Whiteleg shrimp (br)",0.43
1,"Whiteleg shrimp (Pac)",0.37
1,"Whitemouth croaker",0.444010417
1,"White seabream",0.444010417
1,"White-spotted spinefoot",0.444010417
1,"White trevally",0.444010417
1,"Yellowback seabream",0.444010417
1,"Yellowfin seabream",0.444010417
1,"Yellowfin tuna",0.1
1,"Yesso scallop",0.8339999998
2,"Abalones nei",0.547777777777778
2,"Akiami paste shrimp",0.366666667
2,"Amberjacks nei",0.444010417
2,"American cupped oyster",0.887878788
2,"Anadara clams nei",0.811764706
2,"Aquatic invertebrates nei",0.542156863
2,"Arctic char",0.5316666665
2,"Areolate grouper",0.444010417
2,"Atlantic bluefin tuna",0.3250000003
2,"Atlantic cod",0.303333333166667
2,"Atlantic ditch shrimp",0.366666667
2,"Atlantic halibut",0.532222222
2,"Atlantic salmon",0.3893092105
2,"Atlantic salmon (Atl)",0.17
2,"Atlantic salmon (br)",0.6
2,"Atlantic salmon (Pac)",0.27
2,"Atlantic wolffish",0.53
2,"Australian mussel",0.811764706
2,"Ballan wrasse",0.444010417
2,"Baltic prawn",0.47
2,"Banana prawn",0.264285714285714
2,"Banana prawn (br)",0.27
2,"Banded carpet shell",0.811764706
2,"Barramundi",0.1973863636875
2,"Bastard halibut",0.444010417
2,"Bastard halibuts nei",0.444010417
2,"Bear paw clam",0.811764706
2,"Blackhead seabream",0.444010417
2,"Blacklip abalone",0.811764706
2,"Blacklip pearl oyster",0.811764706
2,"Black seabass",0.444010417
2,"Blackspot(=red) seabream",0.444010417
2,"blood cockle",0.811764706
2,"Blood cockle",0.668888889
2,"Blood cockle (Ind)",0.67
2,"Blood cockle (India)",0.67
2,"Blue crab",0.416666667
2,"Bluefish",0.444010417
2,"Blue mussel",0.8964761904
2,"Blue shrimp",0.372222222
2,"Bluespot mullet",0.444010417
2,"Blue swimming crab",0.416666667
2,"Brill",0.57
2,"Brine shrimp",0.366666667
2,"Brown-marbled grouper",0.333333333
2,"Brown meagre",0.444010417
2,"Brown tiger prawn",0.366666667
2,"Butter clam",0.811764706
2,"Callinectes swimcrabs nei",0.416666667
2,"Caramote prawn",0.366666667
2,"Carpet shells nei",0.8
2,"Chars nei",0.444010417
2,"Chilean flat oyster",0.811764706
2,"Chilean mussel",0.811764706
2,"Chinook(=Spring=King)salmon",0.370833333
2,"Cholga mussel",0.811764706
2,"Choro mussel",0.811764706
2,"Clams, etc. nei",0.811764706
2,"Cobia",0.444010417
2,"Cockles nei",0.811764706
2,"Coho(=Silver)salmon",0.342
2,"Common cuttlefish",0.6
2,"Common dentex",0.444010417
2,"Common edible cockle",0.7326666664
2,"Common pandora",0.444010417
2,"Common prawn",0.366666667
2,"Common snook",0.444010417
2,"Common sole",0.5327777775
2,"Common two-banded seabream",0.444010417
2,"Cortez oyster",0.811764706
2,"Crevalle jack",0.444010417
2,"Crimson seabream",0.444010417
2,"Croakers, drums nei",0.444010417
2,"Crocus giant clam",0.811764706
2,"Cupped oysters nei",0.888698412666667
2,"Cupped oysters nei (br)",1
2,"Cupped oysters nei (Ind)",0.83
2,"Cupped oysters nei (India)",0.83
2,"Daggertooth pike conger",0.444010417
2,"Donax clams",0.811764706
2,"Dotted gizzard shad",0.444010417
2,"Drums nei",0.444010417
2,"Eastern king prawn",0.366666667
2,"Eastern school shrimp",0.366666667
2,"Elongate giant clam",0.811764706
2,"European eel",0.444343434181818
2,"European eel (br)",0.43
2,"European flat oyster",0.820904977352941
2,"European flounder",0.444010417
2,"European seabass",0.45711111096
2,"European seabass (br)",0.418
2,"European whitefish",0.444010417
2,"False abalone",0.73
2,"Filefishes, leatherjackets nei",0.444010417
2,"Filefishes nei",0.444010417
2,"Finfishes nei",0.444010417
2,"Flat and cupped oysters nei",0.8316666665
2,"Flatfishes nei",0.465555555666667
2,"Flathead grey mullet",0.414161735769231
2,"Flathead grey mullet (br)",0.4
2,"Flathead lobster",0.416666667
2,"Flat oysters nei",0.87
2,"Fleshy prawn",0.366666667
2,"Florida pompano",0.444010417
2,"Fluted giant clam",0.811764706
2,"Fourfinger threadfin",0.444010417
2,"Gasar cupped oyster",0.7316666665
2,"Gazami crab",0.416666667
2,"Giant clam",0.811764706
2,"Giant tiger prawn",0.269615384769231
2,"Giant tiger prawn (br)",0.165
2,"Gilthead seabream",0.292662036958333
2,"Gilthead seabream (br)",0.2575
2,"Globose clam",0.811764706
2,"Gobies nei",0.5316666665
2,"Golden carpet shell",0.811764706
2,"Golden trevally",0.444010417
2,"Goldlined seabream",0.444010417
2,"Goldsilk seabream",0.444010417
2,"Greasyback shrimp",0.372222222
2,"Greasy grouper",0.444010417
2,"Great Atlantic scallop",0.811764706
2,"Greater amberjack",0.444010417
2,"Green mussel",0.8
2,"Green tiger prawn",0.366666667
2,"Grooved carpet shell",0.8672222225
2,"Groundfishes nei",0.444010417
2,"Groupers nei",0.331515151363636
2,"Groupers nei (Ind)",0.33
2,"Groupers, seabasses nei",0.33
2,"Groupers, seabasses nei (br)",0.33
2,"Gudgeons, sleepers nei",0.444010417
2,"Haddock",0.5316666665
2,"Hong Kong grouper",0.444010417
2,"Hooded oyster",0.811764706
2,"Horned turban",0.811764706
2,"Horse mussels nei",0.811764706
2,"Humpback grouper",0.444010417
2,"Indian backwater oyster",0.811764706
2,"Indian white prawn",0.41
2,"Indonesian snakehead",0.444010417
2,"Indo-Pacific swamp crab",0.416666667
2,"Inflated ark",0.811764706
2,"Jacks, crevalles nei",0.444010417
2,"Japanese abalone",0.811764706
2,"Japanese amberjack",0.444010417
2,"Japanese carpet shell",0.841666667
2,"Japanese eel",0.444010417
2,"Japanese hard clam",0.811764706
2,"Japanese jack mackerel",0.444010417
2,"Japanese meagre",0.444010417
2,"Japanese seabass",0.444010417
2,"Japanese sea cucumber",0.571405229
2,"Japanese spiny lobster",0.416666667
2,"Jellyfishes nei",0.571405229
2,"John's snapper",0.433333333
2,"Korean mussel",0.8
2,"Korean rockfish",0.444010417
2,"Kuruma prawn",0.441367521230769
2,"Kuruma prawn (br)",0.5
2,"Largemouth black bass",0.444010417
2,"Large yellow croaker",0.444010417
2,"Lebranche mullet",0.444010417
2,"Lefteye flounders nei",0.444010417
2,"Mackerels nei",0.444010417
2,"Malabar grouper",0.444010417
2,"Mangrove cupped oyster",0.811764706
2,"Mangrove red snapper",0.433333333
2,"Marbled spinefoot",0.444010417
2,"Marble goby",0.444010417
2,"Marine crabs nei",0.416666667
2,"Marine crustaceans nei",0.3
2,"Marine fishes nei",0.477700258604651
2,"Marine molluscs nei",0.5331249996875
2,"Masu(=Cherry) salmon",0.444010417
2,"Meagre",0.444010417
2,"Mediterranean mussel",0.82
2,"Metapenaeus shrimps nei",0.372222222
2,"Milkfish",0.412190476
2,"Milkfish (br)",0.37
2,"Mojarras(=Silver-biddies) nei",0.444010417
2,"Mud spiny lobster",0.416666667
2,"Mullets nei",0.5535714285
2,"Mullets nei (br)",0.67
2,"Natantian decapods nei",0.532222222
2,"New Zealand mussel",0.8
2,"Northern quahog(=Hard clam)",0.811764706
2,"Northern white shrimp",0.366666667
2,"Octopuses, etc. nei",0.566666667
2,"Octopuses nei",0.532222222
2,"Okhotsk atka mackerel",0.444010417
2,"Olympia oyster",0.811764706
2,"Orange mud crab",0.416666667
2,"Orange-spotted grouper",0.333333333
2,"Pacific bluefin tuna",0.444010417
2,"Pacific calico scallop",0.811764706
2,"Pacific cupped oyster",0.770285714233333
2,"Pacific cupped oyster (Atl)",0.77
2,"Pacific cupped oyster (br)",1
2,"Pacific cupped oyster (Med)",0.53
2,"Pacific geoduck",0.811764706
2,"Pacific horse clam",0.811764706
2,"Pacific lion's paw",0.811764706
2,"Pacific littleneck clam",0.811764706
2,"Palaemonid shrimps nei",0.366666667
2,"Palinurid spiny lobsters nei",0.416666667
2,"Papuan black snapper",0.444010417
2,"Pargo breams nei",0.444010417
2,"Pearl oyster shells nei",0.811764706
2,"Penaeus shrimps nei",0.266507936714286
2,"Penguin wing oyster",0.811764706
2,"Pen shells nei",0.811764706
2,"Peppery furrow",0.811764706
2,"Percoids nei",0.444010417
2,"Periwinkles nei",0.811764706
2,"Perlemoen abalone",0.6316666665
2,"Peruvian calico scallop",0.833333333
2,"Pollack",0.444010417
2,"Porgies, seabreams nei",0.444010417
2,"Portunus swimcrabs nei",0.416666667
2,"Puffers nei",0.444010417
2,"Pullet carpet shell",0.8316666665
2,"Queen scallop",0.811764706
2,"Rainbow trout",0.566481481777778
2,"Red abalone",0.811764706
2,"Red bait",0.6
2,"Red drum",0.3673333336
2,"Red porgy",0.444010417
2,"Redtail prawn",0.366666667
2,"Righteye flounders nei",0.444010417
2,"Rooster venus",0.811764706
2,"Russell's snapper",0.444010417
2,"Salmonids nei",0.444010417
2,"Sand gaper",0.811764706
2,"Sargo breams nei",0.4
2,"Scallops nei",0.833333333
2,"Scats",0.444010417
2,"Scorpionfishes nei",0.444010417
2,"Seabasses nei",0.5
2,"Sea cucumbers nei",0.571405229
2,"Sea mussels nei",0.794791666875
2,"Sea snails",0.811764706
2,"Sea squirts nei",0.6
2,"Sea trout",0.4673333336
2,"Sea urchins nei",0.5
2,"Senegalese sole",0.444010417
2,"Sharpsnout seabream",0.444010417
2,"Shi drum",0.444010417
2,"Silversides(=Sand smelts) nei",0.444010417
2,"Slipper cupped oyster",0.811764706
2,"Smooth giant clam",0.811764706
2,"Smooth mactra",0.77
2,"Snappers, jobfishes nei",0.444010417
2,"Snappers nei",0.432857142571429
2,"Snooks(=Robalos) nei",0.444010417
2,"Snubnose pompano",0.444010417
2,"Sobaity seabream",0.444010417
2,"So-iuy mullet",0.63
2,"Solen razor clams nei",0.811764706
2,"Soles nei",0.444010417
2,"South American rock mussel",0.811764706
2,"Southern Australia scallop",0.811764706
2,"Southern bluefin tuna",0.1
2,"Southern white shrimp",0.366666667
2,"Spinefeet(=Rabbitfishes) nei",0.444010417
2,"Spinous spider crab",0.416666667
2,"Spiny lobsters nei",0.416666667
2,"Spotted coralgrouper",0.333333333
2,"Spotted rose snapper",0.444010417
2,"Spotted wolffish",0.53
2,"Squaretail mullet",0.444010417
2,"Stony sea urchin",0.5
2,"Streaked spinefoot",0.444010417
2,"Striped bass, hybrid",0.444010417
2,"Striped venus",0.811764706
2,"Stromboid conchs nei",0.811764706
2,"Sturgeons nei",0.565
2,"Swimming crabs, etc. nei",0.416666667
2,"Sydney cupped oyster",0.811764706
2,"Tarpon",0.444010417
2,"Thinlip grey mullet",0.444010417
2,"Tropical spiny lobsters nei",0.416666667
2,"Trumpet emperor",0.444010417
2,"Tuberculate abalone",0.811764706
2,"Turbot",0.5
2,"Two-spot red snapper",0.444010417
2,"Venus clams nei",0.811764706
2,"Warty venus",0.811764706
2,"Whiteleg shrimp",0.373241061176471
2,"Whiteleg shrimp (Atl)",0.37
2,"Whiteleg shrimp (br)",0.43
2,"Whiteleg shrimp (Pac)",0.37
2,"Whitemouth croaker",0.444010417
2,"White seabream",0.444010417
2,"White-spotted spinefoot",0.444010417
2,"White trevally",0.444010417
2,"Yellowback seabream",0.444010417
2,"Yellowfin seabream",0.444010417
2,"Yellowfin tuna",0.1
2,"Yesso scallop",0.8339999998
3,"Abalones nei",0.547777777777778
3,"Akiami paste shrimp",0.366666667
3,"Amberjacks nei",0.444010417
3,"American cupped oyster",0.887878788
3,"Anadara clams nei",0.811764706
3,"Aquatic invertebrates nei",0.542156863
3,"Arctic char",0.5316666665
3,"Areolate grouper",0.444010417
3,"Atlantic bluefin tuna",0.3250000003
3,"Atlantic cod",0.303333333166667
3,"Atlantic ditch shrimp",0.366666667
3,"Atlantic halibut",0.532222222
3,"Atlantic salmon",0.3893092105
3,"Atlantic salmon (Atl)",0.17
3,"Atlantic salmon (br)",0.6
3,"Atlantic salmon (Pac)",0.27
3,"Atlantic wolffish",0.53
3,"Australian mussel",0.811764706
3,"Ballan wrasse",0.444010417
3,"Baltic prawn",0.47
3,"Banana prawn",0.264285714285714
3,"Banana prawn (br)",0.27
3,"Banded carpet shell",0.811764706
3,"Barramundi",0.1973863636875
3,"Bastard halibut",0.444010417
3,"Bastard halibuts nei",0.444010417
3,"Bear paw clam",0.811764706
3,"Blackhead seabream",0.444010417
3,"Blacklip abalone",0.811764706
3,"Blacklip pearl oyster",0.811764706
3,"Black seabass",0.444010417
3,"Blackspot(=red) seabream",0.444010417
3,"blood cockle",0.811764706
3,"Blood cockle",0.668888889
3,"Blood cockle (Ind)",0.67
3,"Blood cockle (India)",0.67
3,"Blue crab",0.416666667
3,"Bluefish",0.444010417
3,"Blue mussel",0.8964761904
3,"Blue shrimp",0.372222222
3,"Bluespot mullet",0.444010417
3,"Blue swimming crab",0.416666667
3,"Brill",0.57
3,"Brine shrimp",0.366666667
3,"Brown-marbled grouper",0.333333333
3,"Brown meagre",0.444010417
3,"Brown tiger prawn",0.366666667
3,"Butter clam",0.811764706
3,"Callinectes swimcrabs nei",0.416666667
3,"Caramote prawn",0.366666667
3,"Carpet shells nei",0.8
3,"Chars nei",0.444010417
3,"Chilean flat oyster",0.811764706
3,"Chilean mussel",0.811764706
3,"Chinook(=Spring=King)salmon",0.370833333
3,"Cholga mussel",0.811764706
3,"Choro mussel",0.811764706
3,"Clams, etc. nei",0.811764706
3,"Cobia",0.444010417
3,"Cockles nei",0.811764706
3,"Coho(=Silver)salmon",0.342
3,"Common cuttlefish",0.6
3,"Common dentex",0.444010417
3,"Common edible cockle",0.7326666664
3,"Common pandora",0.444010417
3,"Common prawn",0.366666667
3,"Common snook",0.444010417
3,"Common sole",0.5327777775
3,"Common two-banded seabream",0.444010417
3,"Cortez oyster",0.811764706
3,"Crevalle jack",0.444010417
3,"Crimson seabream",0.444010417
3,"Croakers, drums nei",0.444010417
3,"Crocus giant clam",0.811764706
3,"Cupped oysters nei",0.888698412666667
3,"Cupped oysters nei (br)",1
3,"Cupped oysters nei (Ind)",0.83
3,"Cupped oysters nei (India)",0.83
3,"Daggertooth pike conger",0.444010417
3,"Donax clams",0.811764706
3,"Dotted gizzard shad",0.444010417
3,"Drums nei",0.444010417
3,"Eastern king prawn",0.366666667
3,"Eastern school shrimp",0.366666667
3,"Elongate giant clam",0.811764706
3,"European eel",0.444343434181818
3,"European eel (br)",0.43
3,"European flat oyster",0.820904977352941
3,"European flounder",0.444010417
3,"European seabass",0.45711111096
3,"European seabass (br)",0.418
3,"European whitefish",0.444010417
3,"False abalone",0.73
3,"Filefishes, leatherjackets nei",0.444010417
3,"Filefishes nei",0.444010417
3,"Finfishes nei",0.444010417
3,"Flat and cupped oysters nei",0.8316666665
3,"Flatfishes nei",0.465555555666667
3,"Flathead grey mullet",0.414161735769231
3,"Flathead grey mullet (br)",0.4
3,"Flathead lobster",0.416666667
3,"Flat oysters nei",0.87
3,"Fleshy prawn",0.366666667
3,"Florida pompano",0.444010417
3,"Fluted giant clam",0.811764706
3,"Fourfinger threadfin",0.444010417
3,"Gasar cupped oyster",0.7316666665
3,"Gazami crab",0.416666667
3,"Giant clam",0.811764706
3,"Giant tiger prawn",0.269615384769231
3,"Giant tiger prawn (br)",0.165
3,"Gilthead seabream",0.292662036958333
3,"Gilthead seabream (br)",0.2575
3,"Globose clam",0.811764706
3,"Gobies nei",0.5316666665
3,"Golden carpet shell",0.811764706
3,"Golden trevally",0.444010417
3,"Goldlined seabream",0.444010417
3,"Goldsilk seabream",0.444010417
3,"Greasyback shrimp",0.372222222
3,"Greasy grouper",0.444010417
3,"Great Atlantic scallop",0.811764706
3,"Greater amberjack",0.444010417
3,"Green mussel",0.8
3,"Green tiger prawn",0.366666667
3,"Grooved carpet shell",0.8672222225
3,"Groundfishes nei",0.444010417
3,"Groupers nei",0.331515151363636
3,"Groupers nei (Ind)",0.33
3,"Groupers, seabasses nei",0.33
3,"Groupers, seabasses nei (br)",0.33
3,"Gudgeons, sleepers nei",0.444010417
3,"Haddock",0.5316666665
3,"Hong Kong grouper",0.444010417
3,"Hooded oyster",0.811764706
3,"Horned turban",0.811764706
3,"Horse mussels nei",0.811764706
3,"Humpback grouper",0.444010417
3,"Indian backwater oyster",0.811764706
3,"Indian white prawn",0.41
3,"Indonesian snakehead",0.444010417
3,"Indo-Pacific swamp crab",0.416666667
3,"Inflated ark",0.811764706
3,"Jacks, crevalles nei",0.444010417
3,"Japanese abalone",0.811764706
3,"Japanese amberjack",0.444010417
3,"Japanese carpet shell",0.841666667
3,"Japanese eel",0.444010417
3,"Japanese hard clam",0.811764706
3,"Japanese jack mackerel",0.444010417
3,"Japanese meagre",0.444010417
3,"Japanese seabass",0.444010417
3,"Japanese sea cucumber",0.571405229
3,"Japanese spiny lobster",0.416666667
3,"Jellyfishes nei",0.571405229
3,"John's snapper",0.433333333
3,"Korean mussel",0.8
3,"Korean rockfish",0.444010417
3,"Kuruma prawn",0.441367521230769
3,"Kuruma prawn (br)",0.5
3,"Largemouth black bass",0.444010417
3,"Large yellow croaker",0.444010417
3,"Lebranche mullet",0.444010417
3,"Lefteye flounders nei",0.444010417
3,"Mackerels nei",0.444010417
3,"Malabar grouper",0.444010417
3,"Mangrove cupped oyster",0.811764706
3,"Mangrove red snapper",0.433333333
3,"Marbled spinefoot",0.444010417
3,"Marble goby",0.444010417
3,"Marine crabs nei",0.416666667
3,"Marine crustaceans nei",0.3
3,"Marine fishes nei",0.477700258604651
3,"Marine molluscs nei",0.5331249996875
3,"Masu(=Cherry) salmon",0.444010417
3,"Meagre",0.444010417
3,"Mediterranean mussel",0.82
3,"Metapenaeus shrimps nei",0.372222222
3,"Milkfish",0.412190476
3,"Milkfish (br)",0.37
3,"Mojarras(=Silver-biddies) nei",0.444010417
3,"Mud spiny lobster",0.416666667
3,"Mullets nei",0.5535714285
3,"Mullets nei (br)",0.67
3,"Natantian decapods nei",0.532222222
3,"New Zealand mussel",0.8
3,"Northern quahog(=Hard clam)",0.811764706
3,"Northern white shrimp",0.366666667
3,"Octopuses, etc. nei",0.566666667
3,"Octopuses nei",0.532222222
3,"Okhotsk atka mackerel",0.444010417
3,"Olympia oyster",0.811764706
3,"Orange mud crab",0.416666667
3,"Orange-spotted grouper",0.333333333
3,"Pacific bluefin tuna",0.444010417
3,"Pacific calico scallop",0.811764706
3,"Pacific cupped oyster",0.770285714233333
3,"Pacific cupped oyster (Atl)",0.77
3,"Pacific cupped oyster (br)",1
3,"Pacific cupped oyster (Med)",0.53
3,"Pacific geoduck",0.811764706
3,"Pacific horse clam",0.811764706
3,"Pacific lion's paw",0.811764706
3,"Pacific littleneck clam",0.811764706
3,"Palaemonid shrimps nei",0.366666667
3,"Palinurid spiny lobsters nei",0.416666667
3,"Papuan black snapper",0.444010417
3,"Pargo breams nei",0.444010417
3,"Pearl oyster shells nei",0.811764706
3,"Penaeus shrimps nei",0.266507936714286
3,"Penguin wing oyster",0.811764706
3,"Pen shells nei",0.811764706
3,"Peppery furrow",0.811764706
3,"Percoids nei",0.444010417
3,"Periwinkles nei",0.811764706
3,"Perlemoen abalone",0.6316666665
3,"Peruvian calico scallop",0.833333333
3,"Pollack",0.444010417
3,"Porgies, seabreams nei",0.444010417
3,"Portunus swimcrabs nei",0.416666667
3,"Puffers nei",0.444010417
3,"Pullet carpet shell",0.8316666665
3,"Queen scallop",0.811764706
3,"Rainbow trout",0.566481481777778
3,"Red abalone",0.811764706
3,"Red bait",0.6
3,"Red drum",0.3673333336
3,"Red porgy",0.444010417
3,"Redtail prawn",0.366666667
3,"Righteye flounders nei",0.444010417
3,"Rooster venus",0.811764706
3,"Russell's snapper",0.444010417
3,"Salmonids nei",0.444010417
3,"Sand gaper",0.811764706
3,"Sargo breams nei",0.4
3,"Scallops nei",0.833333333
3,"Scats",0.444010417
3,"Scorpionfishes nei",0.444010417
3,"Seabasses nei",0.5
3,"Sea cucumbers nei",0.571405229
3,"Sea mussels nei",0.794791666875
3,"Sea snails",0.811764706
3,"Sea squirts nei",0.6
3,"Sea trout",0.4673333336
3,"Sea urchins nei",0.5
3,"Senegalese sole",0.444010417
3,"Sharpsnout seabream",0.444010417
3,"Shi drum",0.444010417
3,"Silversides(=Sand smelts) nei",0.444010417
3,"Slipper cupped oyster",0.811764706
3,"Smooth giant clam",0.811764706
3,"Smooth mactra",0.77
3,"Snappers, jobfishes nei",0.444010417
3,"Snappers nei",0.432857142571429
3,"Snooks(=Robalos) nei",0.444010417
3,"Snubnose pompano",0.444010417
3,"Sobaity seabream",0.444010417
3,"So-iuy mullet",0.63
3,"Solen razor clams nei",0.811764706
3,"Soles nei",0.444010417
3,"South American rock mussel",0.811764706
3,"Southern Australia scallop",0.811764706
3,"Southern bluefin tuna",0.1
3,"Southern white shrimp",0.366666667
3,"Spinefeet(=Rabbitfishes) nei",0.444010417
3,"Spinous spider crab",0.416666667
3,"Spiny lobsters nei",0.416666667
3,"Spotted coralgrouper",0.333333333
3,"Spotted rose snapper",0.444010417
3,"Spotted wolffish",0.53
3,"Squaretail mullet",0.444010417
3,"Stony sea urchin",0.5
3,"Streaked spinefoot",0.444010417
3,"Striped bass, hybrid",0.444010417
3,"Striped venus",0.811764706
3,"Stromboid conchs nei",0.811764706
3,"Sturgeons nei",0.565
3,"Swimming crabs, etc. nei",0.416666667
3,"Sydney cupped oyster",0.811764706
3,"Tarpon",0.444010417
3,"Thinlip grey mullet",0.444010417
3,"Tropical spiny lobsters nei",0.416666667
3,"Trumpet emperor",0.444010417
3,"Tuberculate abalone",0.811764706
3,"Turbot",0.5
3,"Two-spot red snapper",0.444010417
3,"Venus clams nei",0.811764706
3,"Warty venus",0.811764706
3,"Whiteleg shrimp",0.373241061176471
3,"Whiteleg shrimp (Atl)",0.37
3,"Whiteleg shrimp (br)",0.43
3,"Whiteleg shrimp (Pac)",0.37
3,"Whitemouth croaker",0.444010417
3,"White seabream",0.444010417
3,"White-spotted spinefoot",0.444010417
3,"White trevally",0.444010417
3,"Yellowback seabream",0.444010417
3,"Yellowfin seabream",0.444010417
3,"Yellowfin tuna",0.1
3,"Yesso scallop",0.8339999998
